Institution,State,Debt
University of Alaska Anchorage,AK,11336
University of Alaska Fairbanks,AK,11247
University of Alaska Southeast,AK,11750
AVTEC-Alaska's Institute of Technology,AK,5500
Prince William Sound Community College,AK,11336
Alabama A & M University,AL,19500
University of Alabama at Birmingham,AL,16250
University of Alabama in Huntsville,AL,16500
Alabama State University,AL,15854
The University of Alabama,AL,17750
Central Alabama Community College,AL,7554
Athens State University,AL,14000
Auburn University at Montgomery,AL,10750
Auburn University,AL,18250
Chattahoochee Valley Community College,AL,4569
Enterprise State Community College,AL,6000
James H Faulkner State Community College,AL,5500
Gadsden State Community College,AL,333
George C Wallace State Community College-Hanceville,AL,8250
Jacksonville State University,AL,16500
Jefferson Davis Community College,AL,2000
Jefferson State Community College,AL,5057
John C Calhoun State Community College,AL,5500
University of West Alabama,AL,13500
Marion Military Institute,AL,5500
University of Montevallo,AL,15872
Northwest-Shoals Community College,AL,5500
University of North Alabama,AL,12542
Northeast Alabama Community College,AL,3500
Snead State Community College,AL,3500
University of South Alabama,AL,15000
Troy University,AL,17750
Southern Union State Community College,AL,5400
Troy University-Phenix City Campus,AL,17750
Troy University-Montgomery Campus,AL,17750
Troy University-Dothan Campus,AL,17750
Troy University-eTROY,AL,17750
Troy University-Global Campus,AL,17750
University of Arkansas at Little Rock,AR,14250
University of Arkansas for Medical Sciences,AR,12500
University of Arkansas,AR,14990
University of Arkansas at Pine Bluff,AR,13698
Arkansas State University-Beebe,AR,5250
Arkansas State University-Main Campus,AR,13300
Arkansas Tech University,AR,10043
University of Arkansas at Monticello,AR,8250
Black River Technical College,AR,7698
University of Central Arkansas,AR,11864
East Arkansas Community College,AR,2250
National Park Community College,AR,10500
University of Arkansas Community College-Batesville,AR,7900
Henderson State University,AR,10443
Arkansas Northeastern College,AR,3619
North Arkansas College,AR,9312
College of the Ouachitas,AR,6804
Ozarka College,AR,9500
University of Arkansas Community College-Morrilton,AR,5500
Phillips Community College of the University of Arkansas,AR,4500
Southeast Arkansas College,AR,4633
Pulaski Technical College,AR,13727
University of Arkansas Community College-Hope,AR,3500
South Arkansas Community College,AR,9000
Southern Arkansas University Main Campus,AR,10500
Southern Arkansas University Tech,AR,4878
University of Arkansas-Fort Smith,AR,8240
NorthWest Arkansas Community College,AR,8900
Arkansas State University-Mountain Home,AR,13300
Arkansas State University-Newport,AR,3595
Arizona State University-Tempe,AZ,16250
Arizona Western College,AZ,4750
University of Arizona,AZ,13500
Central Arizona College,AZ,5584
Cochise College,AZ,4500
Glendale Community College,AZ,4474
GateWay Community College,AZ,7000
Mesa Community College,AZ,5065
Mohave Community College,AZ,8910
Northern Arizona University,AZ,15000
Phoenix College,AZ,6750
Pima Community College,AZ,5698
Rio Salado College,AZ,4750
Scottsdale Community College,AZ,4500
South Mountain Community College,AZ,4927
Yavapai College,AZ,5513
Maricopa Skill Center,AZ,7000
Paradise Valley Community College,AZ,4500
Chandler-Gilbert Community College,AZ,4500
Estrella Mountain Community College,AZ,5614
Coconino Community College,AZ,6196
Arizona State University-West,AZ,16250
Arizona State University-Polytechnic,AZ,16250
Arizona State University-Downtown Phoenix,AZ,16250
Arizona State University-Skysong,AZ,16250
College of Alameda,CA,7500
Allan Hancock College,CA,7000
American River College,CA,8435
Antelope Valley College,CA,9500
Bakersfield College,CA,8243
Butte College,CA,9000
Cabrillo College,CA,7058
California Polytechnic State University-San Luis Obispo,CA,17500
California State University-Bakersfield,CA,11000
California State University-Stanislaus,CA,14000
California State University-San Bernardino,CA,16431
California State Polytechnic University-Pomona,CA,15703
California State University-Chico,CA,14889
California State University-Dominguez Hills,CA,14191
California State University-Fresno,CA,14500
California State University-Fullerton,CA,12900
California State University-East Bay,CA,12500
California State University-Long Beach,CA,14494
California State University-Los Angeles,CA,12000
California State University-Northridge,CA,12500
California State University-Sacramento,CA,15000
University of California-Berkeley,CA,14480
University of California-Davis,CA,13626
University of California-Irvine,CA,15500
University of California-Los Angeles,CA,15200
University of California-Riverside,CA,17000
University of California-San Diego,CA,18463
University of California-Santa Barbara,CA,15000
University of California-Santa Cruz,CA,16500
California Maritime Academy,CA,21500
Canada College,CA,6875
College of the Canyons,CA,6500
Cerritos College,CA,4000
Chabot College,CA,8750
Chaffey College,CA,4552
Citrus College,CA,5500
City College of San Francisco,CA,7655
Coastline Community College,CA,7000
El Camino College-Compton Center,CA,5000
Contra Costa College,CA,5500
Cosumnes River College,CA,7177
Cuesta College,CA,6502
Cuyamaca College,CA,3500
Cypress College,CA,6750
De Anza College,CA,5629
College of the Desert,CA,5500
Diablo Valley College,CA,4500
East Los Angeles College,CA,7279
El Camino Community College District,CA,5000
Evergreen Valley College,CA,6500
Feather River Community College District,CA,5613
Foothill College,CA,6836
Fresno City College,CA,3500
Fullerton College,CA,4750
Gavilan College,CA,6480
Glendale Community College,CA,6235
Golden West College,CA,5500
Grossmont College,CA,3500
Hartnell College,CA,4543
Humboldt State University,CA,15000
Irvine Valley College,CA,7066
Reedley College,CA,3500
Laney College,CA,7750
Lassen Community College,CA,5500
Long Beach City College,CA,6750
Los Angeles Harbor College,CA,4412
Los Angeles Pierce College,CA,9500
Los Angeles Southwest College,CA,3500
Los Angeles Trade Technical College,CA,4500
Los Angeles Valley College,CA,8000
Los Angeles City College,CA,7500
Los Angeles County College of Nursing and Allied Health,CA,11645
Los Angeles Mission College,CA,8500
Los Medanos College,CA,4499
College of Marin,CA,9500
Mendocino College,CA,7229
Merritt College,CA,9500
MiraCosta College,CA,4149
Mission College,CA,6125
Monterey Peninsula College,CA,7093
Moorpark College,CA,6726
Mt San Antonio College,CA,4500
Mt San Jacinto Community College District,CA,7878
Napa Valley College,CA,8931
Ohlone College,CA,9250
Orange Coast College,CA,5000
Palomar College,CA,5500
Pasadena City College,CA,5500
Santa Ana College,CA,6500
College of the Redwoods,CA,6548
Rio Hondo College,CA,5250
Riverside City College,CA,4500
Sacramento City College,CA,7500
Saddleback College,CA,5500
San Diego City College,CA,4500
San Diego Mesa College,CA,3697
San Diego Miramar College,CA,4500
San Diego State University,CA,14495
San Francisco State University,CA,15000
San Joaquin Delta College,CA,6125
San Jose City College,CA,5250
San Jose State University,CA,14000
College of San Mateo,CA,4500
Santa Barbara City College,CA,6500
Santa Monica College,CA,4500
Santa Rosa Junior College,CA,7000
College of the Sequoias,CA,3300
Shasta College,CA,7362
Sierra College,CA,8917
College of the Siskiyous,CA,9198
Charles A Jones Career and Education Center,CA,5500
Skyline College,CA,6000
San Bernardino Valley College,CA,3500
Solano Community College,CA,7000
Sonoma State University,CA,14592
Southwestern College,CA,4100
Ventura College,CA,7454
Victor Valley College,CA,9500
Berkeley City College,CA,6250
West Hills College-Coalinga,CA,5500
West Los Angeles College,CA,9000
West Valley College,CA,4500
Yuba College,CA,7000
Las Positas College,CA,8017
California State University-San Marcos,CA,14000
Colton-Redlands-Yucaipa Regional Occupational Program,CA,5261
Copper Mountain Community College,CA,7743
Santiago Canyon College,CA,4750
California State University-Monterey Bay,CA,13750
Ventura Adult and Continuing Education,CA,3500
San Diego State University-Imperial Valley Campus,CA,14495
California State University-Channel Islands,CA,12500
Folsom Lake College,CA,6622
University of California-Merced,CA,14500
West Hills College-Lemoore,CA,7000
Beaumont Adult School,CA,9500
Woodland Community College,CA,9500
Moreno Valley College,CA,4500
Norco College,CA,4500
ATEP at IVC,CA,7066
San Joaquin General Hospital School of Radiation Technology,CA,6125
Adams State University,CO,11000
Aims Community College,CO,5259
Arapahoe Community College,CO,5500
University of Colorado Denver,CO,16750
University of Colorado Colorado Springs,CO,12500
University of Colorado Boulder,CO,15000
Colorado Mountain College,CO,5500
Colorado Northwestern Community College,CO,8578
Colorado School of Mines,CO,22625
Colorado State University-Fort Collins,CO,16707
Community College of Aurora,CO,6500
Delta Montrose Technical College,CO,4825
Community College of Denver,CO,8250
Fort Lewis College,CO,10500
Front Range Community College,CO,8278
Lamar Community College,CO,7667
Colorado Mesa University,CO,11250
Metropolitan State University of Denver,CO,13450
Morgan Community College,CO,7000
Northeastern Junior College,CO,5500
University of Northern Colorado,CO,14250
Otero Junior College,CO,6502
Pikes Peak Community College,CO,5906
Pueblo Community College,CO,7125
Red Rocks Community College,CO,8050
Colorado State University-Pueblo,CO,12061
Trinidad State Junior College,CO,5500
Western State Colorado University,CO,12000
Colorado State University-Global Campus,CO,7958
Asnuntuck Community College,CT,4500
Central Connecticut State University,CT,16852
Charter Oak State College,CT,12258
University of Connecticut,CT,18983
Eastern Connecticut State University,CT,17500
Capital Community College,CT,5250
Housatonic Community College,CT,4750
Manchester Community College,CT,2869
Naugatuck Valley Community College,CT,4200
Middlesex Community College,CT,4450
Three Rivers Community College,CT,6100
Norwalk Community College,CT,2750
Northwestern Connecticut Community College,CT,3033
Gateway Community College,CT,3500
Southern Connecticut State University,CT,17404
Tunxis Community College,CT,3500
Western Connecticut State University,CT,17050
University of Connecticut-Tri-Campus,CT,18983
University of Connecticut-Avery Point,CT,18983
University of Connecticut-Stamford,CT,18983
University of the District of Columbia,DC,9500
University of the District of Columbia-David A Clarke School of Law,DC,9500
Delaware Technical Community College-Owens,DE,4327
Delaware Technical Community College-Terry,DE,4500
Delaware Technical Community College-Stanton/Wilmington,DE,3775
Delaware State University,DE,15000
University of Delaware,DE,21000
Eastern Florida State College,FL,6707
Broward College,FL,4500
College of Central Florida,FL,7770
University of Central Florida,FL,15000
Chipola College,FL,4500
Daytona State College,FL,6250
Edison State College,FL,5944
Florida Agricultural and Mechanical University,FL,20750
Florida Atlantic University,FL,12500
Florida State College at Jacksonville,FL,6063
Florida International University,FL,13750
Florida Keys Community College,FL,9500
Florida State University,FL,18750
University of Florida,FL,14546
Gulf Coast State College,FL,5500
Hillsborough Community College,FL,7000
Indian River State College,FL,5056
Florida Gateway College,FL,3730
Lake-Sumter State College,FL,3868
State College of Florida-Manatee-Sarasota,FL,6548
Miami Dade College,FL,8000
University of North Florida,FL,14000
Northwest Florida State College,FL,3500
Palm Beach State College,FL,5500
Pasco-Hernando Community College,FL,6017
Pensacola State College,FL,3500
Polk State College,FL,5500
St Petersburg College,FL,11250
Santa Fe College,FL,8750
Seminole State College of Florida,FL,7500
Saint Johns River State College,FL,8981
South Florida State College,FL,3787
University of South Florida-Main Campus,FL,16954
Tallahassee Community College,FL,7361
Valencia College,FL,7000
The University of West Florida,FL,12500
New College of Florida,FL,12336
Florida Gulf Coast University,FL,11625
University of South Florida-St Petersburg,FL,16954
University of South Florida-Sarasota-Manatee,FL,16954
Abraham Baldwin Agricultural College,GA,8198
Albany Technical College,GA,4917
Darton State College,GA,8250
Albany State University,GA,24500
Armstrong Atlantic State University,GA,12750
Atlanta Technical College,GA,5830
Atlanta Metropolitan State College,GA,4709
Augusta Technical College,GA,6334
Bainbridge State College,GA,8000
College of Coastal Georgia,GA,7711
West Georgia Technical College,GA,4893
Clayton State University,GA,18997
Columbus Technical College,GA,6270
Columbus State University,GA,14750
Georgia Northwestern Technical College,GA,4981
Dalton State College,GA,7500
East Georgia State College,GA,7248
Georgia Highlands College,GA,5500
Fort Valley State University,GA,19000
Grady Health System Professional Schools,GA,15962
Georgia Institute of Technology-Main Campus,GA,20750
Georgia Southwestern State University,GA,14500
Georgia College and State University,GA,16250
Georgia Military College,GA,6076
Georgia Southern University,GA,16250
Georgia State University,GA,17070
University of Georgia,GA,16831
Gordon State College,GA,8250
Southern Crescent Technical College,GA,5500
Gwinnett Technical College,GA,5769
Kennesaw State University,GA,15000
North Georgia Technical College,GA,4542
Savannah Technical College,GA,4500
Savannah State University,GA,17126
South Georgia Technical College,GA,793
Southern Polytechnic State University,GA,14750
Wiregrass Georgia Technical College,GA,2864
Valdosta State University,GA,16000
University of West Georgia,GA,14250
Georgia Perimeter College,GA,7000
Georgia Piedmont Technical College,GA,4664
Ogeechee Technical College,GA,6334
Southeastern Technical College,GA,6000
Oconee Fall Line Technical College,GA,3903
Georgia Gwinnett College,GA,9441
Georgia Regents University,GA,6250
Middle Georgia State College,GA,8000
University of North Georgia,GA,7500
South Georgia State College,GA,7359
Georgia Military College-Distance Learning Campuses,GA,6076
Central Georgia Technical College,GA,3133
GMC-Sandersville,GA,6076
GMC-Madison,GA,6076
Georgia Military College-Augusta Campus,GA,6076
Georgia Military College-Fairburn Campus,GA,6076
Georgia Military College-Columbus Campus,GA,6076
Georgia Military College-Valdosta Campus,GA,6076
Georgia Military College-Warner Robins Campus,GA,6076
Georgia Military College-Online,GA,6076
Georgia Military College-Stone Mountain,GA,6076
University of Hawaii at Hilo,HI,11293
University of Hawaii at Manoa,HI,13750
Honolulu Community College,HI,3750
Kapiolani Community College,HI,5737
Kauai Community College,HI,4300
Leeward Community College,HI,4696
University of Hawaii Maui College,HI,9500
University of Hawaii-West Oahu,HI,8045
Windward Community College,HI,6500
Hawaii Community College,HI,6481
Des Moines Area Community College,IA,7000
Ellsworth Community College,IA,6500
Eastern Iowa Community College District,IA,8226
Hawkeye Community College,IA,9000
Indian Hills Community College,IA,9348
Iowa Central Community College,IA,7362
Iowa Lakes Community College,IA,9367
Iowa State University,IA,19750
Iowa Western Community College,IA,6900
University of Iowa,IA,18692
Kirkwood Community College,IA,8836
Marshalltown Community College,IA,8250
North Iowa Area Community College,IA,7035
University of Northern Iowa,IA,18500
Northeast Iowa Community College-Calmar,IA,8829
Northwest Iowa Community College,IA,7000
Southeastern Community College,IA,6700
Southwestern Community College,IA,7442
Western Iowa Tech Community College,IA,6933
Boise State University,ID,16309
Eastern Idaho Technical College,ID,9500
Idaho State University,ID,14750
University of Idaho,ID,18550
Lewis-Clark State College,ID,12500
North Idaho College,ID,8808
College of Southern Idaho,ID,8005
College of Western Idaho,ID,4500
Southwestern Illinois College,IL,4316
Black Hawk College,IL,4000
Carl Sandburg College,IL,3500
Chicago State University,IL,20862
City Colleges of Chicago-Kennedy-King College,IL,4500
City Colleges of Chicago-Malcolm X College,IL,3500
City Colleges of Chicago-Olive-Harvey College,IL,4802
City Colleges of Chicago-Harry S Truman College,IL,4703
City Colleges of Chicago-Richard J Daley College,IL,3500
City Colleges of Chicago-Harold Washington College,IL,3500
City Colleges of Chicago-Wilbur Wright College,IL,3500
Danville Area Community College,IL,3500
College of DuPage,IL,5543
Eastern Illinois University,IL,18750
Elgin Community College,IL,5010
Governors State University,IL,13804
Highland Community College,IL,5500
University of Illinois at Chicago,IL,14750
University of Illinois at Urbana-Champaign,IL,19399
Illinois Central College,IL,4540
Olney Central College,IL,3500
Illinois State University,IL,18750
Illinois Valley Community College,IL,6208
John A Logan College,IL,3500
John Wood Community College,IL,5931
Joliet Junior College,IL,5215
Kankakee Community College,IL,5711
Kaskaskia College,IL,5500
Kishwaukee College,IL,5500
College of Lake County,IL,4298
Lake Land College,IL,3500
Lewis and Clark Community College,IL,3500
Lincoln Land Community College,IL,5500
McHenry County College,IL,4425
Moraine Valley Community College,IL,5500
Morton College,IL,6450
Northern Illinois University,IL,16500
Northeastern Illinois University,IL,11643
Oakton Community College,IL,3500
Parkland College,IL,5198
Prairie State College,IL,5500
Rend Lake College,IL,5500
Richland Community College,IL,4112
Rock Valley College,IL,3512
University of Illinois at Springfield,IL,15000
Sauk Valley Community College,IL,3500
Spoon River College,IL,4718
Southern Illinois University-Carbondale,IL,15245
Southern Illinois University-Edwardsville,IL,14317
Triton College,IL,4750
Waubonsee Community College,IL,4761
Western Illinois University,IL,17729
Harper College,IL,6668
Capital Area School of Practical Nursing,IL,9500
Heartland Community College,IL,5392
Frontier Community College,IL,4750
Lincoln Trail College,IL,3500
Wabash Valley College,IL,3500
Career Center of Southern Illinois,IL,11353
Ball State University,IN,18686
Ivy Tech Community College,IN,7322
Indiana University-Purdue University-Fort Wayne,IN,15517
Indiana University-Purdue University-Indianapolis,IN,16500
University of Southern Indiana,IN,13500
Indiana State University,IN,11726
Indiana University-Kokomo,IN,12050
Indiana University-South Bend,IN,14000
Indiana University-Bloomington,IN,19500
Indiana University-Northwest,IN,14950
Indiana University-Southeast,IN,12500
Indiana University-East,IN,13336
J Everett Light Career Center,IN,9500
Purdue University-Calumet Campus,IN,16000
Purdue University-North Central Campus,IN,12285
Vincennes University,IN,9500
Purdue University-Main Campus,IN,20500
Ivy Tech Community College-Northcentral,IN,7322
Ivy Tech Community College-Columbus,IN,7322
Ivy Tech Community College-East Central,IN,7322
Ivy Tech Community College-Kokomo,IN,7322
Ivy Tech Community College-Lafayette,IN,7322
Ivy Tech Community College-Northeast,IN,7322
Ivy Tech Community College-South Central,IN,7322
Ivy Tech Community College-Southwest,IN,7322
Ivy Tech Community College-Wabash Valley,IN,7322
Ivy Tech Community College-Richmond,IN,7322
Ivy Tech Community College-Northwest,IN,7322
Ivy Tech Community College-Southeast,IN,7322
Ivy Tech Community College-Bloominton,IN,7322
Ivy Tech Community College-Central Indiana,IN,7322
Allen County Community College,KS,5125
Barton County Community College,KS,7319
Butler Community College,KS,6500
Cloud County Community College,KS,5500
Coffeyville Community College,KS,5250
Colby Community College,KS,5533
Cowley County Community College,KS,5721
Dodge City Community College,KS,5500
Emporia State University,KS,14000
Flint Hills Technical College,KS,9500
Fort Hays State University,KS,11606
Fort Scott Community College,KS,5679
Garden City Community College,KS,4969
Highland Community College,KS,6098
Hutchinson Community College,KS,6094
Independence Community College,KS,3118
Johnson County Community College,KS,5500
Kansas City Kansas Community College,KS,8250
University of Kansas,KS,14799
Kansas State University,KS,17000
Washburn Institute of Technology,KS,13228
Labette Community College,KS,5606
Manhattan Area Technical College,KS,8000
Neosho County Community College,KS,5500
North Central Kansas Technical College,KS,9500
Northwest Kansas Technical College,KS,7564
Pittsburg State University,KS,13377
Pratt Community College,KS,5500
Salina Area Technical College,KS,5500
Seward County Community College and Area Technical School,KS,4500
Washburn University,KS,13228
Wichita Area Technical College,KS,6604
Wichita State University,KS,15250
Coffeyville Technical Campus,KS,5250
Columbus Technical Campus,KS,5250
Ashland Community and Technical College,KY,7233
Southcentral Kentucky Community and Technical College,KY,8210
Bluegrass Community and Technical College,KY,8000
Eastern Kentucky University,KY,14921
Elizabethtown Community and Technical College,KY,7599
Hazard Community and Technical College,KY,7014
Henderson Community College,KY,6500
Hopkinsville Community College,KY,7234
Jefferson Community and Technical College,KY,7597
Kentucky State University,KY,14750
University of Kentucky,KY,14000
University of Louisville,KY,13300
Madisonville Community College,KY,7253
Maysville Community and Technical College,KY,8421
Morehead State University,KY,14250
Murray State University,KY,14875
Gateway Community and Technical College,KY,9500
Northern Kentucky University,KY,15000
West Kentucky Community and Technical College,KY,7033
Big Sandy Community and Technical College,KY,7495
Somerset Community College,KY,8500
Southeast Kentucky Community and Technical College,KY,6648
Western Kentucky University,KY,15000
Owensboro Community and Technical College,KY,6008
Bossier Parish Community College,LA,8641
Delgado Community College,LA,9357
Nunez Community College,LA,3500
Grambling State University,LA,23750
Louisiana State University Health Sciences Center-New Orleans,LA,15000
Louisiana State University-Alexandria,LA,9000
Louisiana State University and Agricultural & Mechanical College,LA,13000
Louisiana State University-Eunice,LA,7704
Louisiana State University-Shreveport,LA,12500
Acadiana Technical College-Lafayette Campus,LA,1750
Louisiana Tech University,LA,13632
McNeese State University,LA,12806
University of New Orleans,LA,11750
Nicholls State University,LA,11555
University of Louisiana at Monroe,LA,12708
Northwestern State University of Louisiana,LA,14000
Southeastern Louisiana University,LA,11670
Southern University and A & M College,LA,24250
Southern University at New Orleans,LA,18442
Southern University at Shreveport,LA,8467
University of Louisiana at Lafayette,LA,13000
Northshore Technical Community College,LA,2500
South Louisiana Community College,LA,1750
Louisiana State University Health Sciences Center-Shreveport,LA,25000
River Parishes Community College,LA,7192
Baton Rouge Community College,LA,5091
Southern University Law Center,LA,24250
Assabet Valley Regional Technical School,MA,9500
Berkshire Community College,MA,7177
Bridgewater State University,MA,19250
Bristol Community College,MA,3725
Bunker Hill Community College,MA,5500
Cape Cod Community College,MA,5500
Diman Regional Technical Institute,MA,8601
Fitchburg State University,MA,15529
Framingham State University,MA,15522
Greenfield Community College,MA,5187
Holyoke Community College,MA,5165
University of Massachusetts-Lowell,MA,19500
University of Massachusetts-Amherst,MA,21500
University of Massachusetts-Boston,MA,16362
Massachusetts Bay Community College,MA,5365
Massachusetts College of Art and Design,MA,22500
Massachusetts Maritime Academy,MA,23250
University of Massachusetts Medical School Worcester,MA,12000
Massasoit Community College,MA,5500
Middlesex Community College,MA,4185
Mount Wachusett Community College,MA,5050
Massachusetts College of Liberal Arts,MA,18499
North Shore Community College,MA,5250
Northern Essex Community College,MA,5500
Quincy College,MA,8250
Quinsigamond Community College,MA,4950
Salem State University,MA,19415
Southeastern Technical Institute,MA,6000
Springfield Technical Community College,MA,4552
University of Massachusetts-Dartmouth,MA,19500
Westfield State University,MA,16250
Worcester State University,MA,14500
Blue Hills Regional Technical School,MA,9367
Upper Cape Cod Regional Technical School,MA,9500
Greater Lowell Technical School,MA,5500
Shawsheen Valley Regional Vocational Technical School,MA,9500
Monty Tech,MA,9500
Southern Worcester County Regional Voc School District,MA,9500
Allegany College of Maryland,MD,9500
Anne Arundel Community College,MD,7000
University of Baltimore,MD,16000
Bowie State University,MD,16500
Cecil College,MD,5500
College of Southern Maryland,MD,5500
Coppin State University,MD,12250
Frederick Community College,MD,5500
Frostburg State University,MD,16750
Garrett College,MD,6688
Hagerstown Community College,MD,5500
Harford Community College,MD,5350
Howard Community College,MD,7182
University of Maryland-University College,MD,12122
University of Maryland-Baltimore,MD,14000
University of Maryland-Baltimore County,MD,17500
University of Maryland-College Park,MD,17500
University of Maryland Eastern Shore,MD,18071
Montgomery College,MD,5750
Morgan State University,MD,22907
Prince George's Community College,MD,4114
Salisbury University,MD,16250
St Mary's College of Maryland,MD,19130
Towson University,MD,15750
Wor-Wic Community College,MD,3500
Carroll Community College,MD,4500
The Community College of Baltimore County,MD,7500
Central Maine Community College,ME,8732
Eastern Maine Community College,ME,8000
Kennebec Valley Community College,ME,8291
University of Maine at Augusta,ME,11750
University of Maine at Farmington,ME,21250
University of Maine at Fort Kent,ME,11500
University of Maine at Machias,ME,11780
University of Maine,ME,19200
Maine Maritime Academy,ME,26596
University of Maine at Presque Isle,ME,10640
Northern Maine Community College,ME,7500
Southern Maine Community College,ME,7125
University of Southern Maine,ME,17000
Washington County Community College,ME,5141
York County Community College,ME,5500
Alpena Community College,MI,5731
Bay de Noc Community College,MI,7751
Central Michigan University,MI,21721
Mott Community College,MI,6509
Delta College,MI,5500
Eastern Michigan University,MI,19114
Ferris State University,MI,17562
Glen Oaks Community College,MI,4750
Gogebic Community College,MI,6000
Grand Rapids Community College,MI,5500
Grand Valley State University,MI,20898
Henry Ford Community College,MI,6896
Jackson College,MI,6647
Kalamazoo Valley Community College,MI,6442
Kellogg Community College,MI,9346
Kirtland Community College,MI,6750
Lake Michigan College,MI,7941
Lake Superior State University,MI,16563
Lansing Community College,MI,8102
Macomb Community College,MI,2773
University of Michigan-Ann Arbor,MI,21000
Michigan State University,MI,22734
Michigan Technological University,MI,21812
University of Michigan-Dearborn,MI,18750
University of Michigan-Flint,MI,21176
Mid Michigan Community College,MI,7727
Monroe County Community College,MI,5047
Montcalm Community College,MI,7659
Muskegon Community College,MI,4220
North Central Michigan College,MI,6500
Northern Michigan University,MI,14601
Northwestern Michigan College,MI,9500
Oakland Community College,MI,5500
Oakland University,MI,18250
Saginaw Valley State University,MI,19000
Schoolcraft College,MI,4501
St Clair County Community College,MI,6068
Southwestern Michigan College,MI,7491
Washtenaw Community College,MI,7000
Wayne County Community College District,MI,5479
Wayne State University,MI,16000
West Shore Community College,MI,6112
Western Michigan University,MI,20875
Alexandria Technical & Community College,MN,9500
Anoka Technical College,MN,10500
Anoka-Ramsey Community College,MN,8862
Riverland Community College,MN,10461
Northwest Technical College,MN,9000
Bemidji State University,MN,13500
Central Lakes College-Brainerd,MN,9500
Dakota County Technical College,MN,9990
Lake Superior College,MN,9250
Minnesota State Community and Technical College,MN,9575
Minnesota West Community and Technical College,MN,10307
Hennepin Technical College,MN,10066
Hibbing Community College,MN,9500
Inver Hills Community College,MN,9000
Itasca Community College,MN,7995
South Central College,MN,9700
Minnesota State University-Mankato,MN,15116
Mesabi Range Community and Technical College,MN,9538
Metropolitan State University,MN,15250
University of Minnesota-Twin Cities,MN,18822
University of Minnesota-Crookston,MN,14370
Minneapolis Community and Technical College,MN,10100
University of Minnesota-Duluth,MN,18925
University of Minnesota-Morris,MN,14768
Minnesota State University-Moorhead,MN,15772
North Hennepin Community College,MN,9189
Normandale Community College,MN,8707
Northland Community and Technical College,MN,10500
Pine Technical College,MN,10000
Rainy River Community College,MN,5500
Rochester Community and Technical College,MN,9500
St Cloud Technical and Community College,MN,8086
Saint Cloud State University,MN,15348
Saint Paul College,MN,8718
Southwest Minnesota State University,MN,15750
Vermilion Community College,MN,8660
Ridgewater College,MN,9500
Minnesota State College-Southeast Technical,MN,10453
Winona State University,MN,18288
Century College,MN,9500
Fond du Lac Tribal and Community College,MN,10500
University of Minnesota-Rochester,MN,18822
Anoka-Ramsey Community College-Cambridge Campus,MN,8862
Central Lakes College-Staples Campus,MN,9500
M State - Detroit Lakes Campus,MN,9575
M State - Moorhead Campus,MN,9575
M State - Wadena Campus,MN,9575
South Central ¬†College-Faribault,MN,9700
Mesabi Range Community and Technical College,MN,9538
Northland Community and Technical College - East Grand Forks,MN,10500
Ridgewater College,MN,9500
Minnesota State College-SE Technical-Red Wing,MN,10453
Cape Girardeau Career and Technology Center,MO,8250
University of Central Missouri,MO,15296
Columbia Area Career Center,MO,5878
Crowder College,MO,6448
East Central College,MO,7907
Four Rivers Career Center,MO,5500
Ozarks Technical Community College,MO,8508
Harris-Stowe State University,MO,9500
Jefferson College,MO,7339
Lex La-Ray Technical Center,MO,7319
Lincoln University,MO,14000
Linn State Technical College,MO,8750
Metropolitan Community College-Kansas City,MO,6000
Mineral Area College,MO,8000
Missouri Southern State University,MO,11500
Missouri Western State University,MO,11819
University of Missouri-Columbia,MO,17500
University of Missouri-Kansas City,MO,15750
Missouri University of Science and Technology,MO,18843
University of Missouri-St Louis,MO,18223
Moberly Area Community College,MO,6508
Hillyard Technical Center,MO,4750
Truman State University,MO,17500
Northwest Missouri State University,MO,14815
Poplar Bluff Technical Career Center,MO,9500
Rolla Technical Institute,MO,9500
Sikeston Career and Technology Center,MO,9500
Saint Louis Community College,MO,6000
Missouri State University-West Plains,MO,7000
State Fair Community College,MO,6196
Southeast Missouri State University,MO,14000
Missouri State University-Springfield,MO,15000
Three Rivers Community College,MO,7500
North Central Missouri College,MO,8964
Clinton Technical School,MO,10615
Pike-Lincoln Technical Center,MO,8500
St Charles Community College,MO,5250
Waynesville Career Center,MO,9500
Lebanon Technology and Career Center,MO,11000
Franklin Technology-MSSU,MO,7600
South Central Career Center,MO,5974
Warrensburg Area Career Center,MO,9500
Cass Career Center,MO,8835
Applied Technology Services,MO,13650
Northland Career Center,MO,9500
Northern Marianas College,MP,2000
Alcorn State University,MS,19696
Copiah-Lincoln Community College,MS,4064
Delta State University,MS,12500
East Central Community College,MS,6500
East Mississippi Community College,MS,7053
Hinds Community College,MS,4365
Holmes Community College,MS,3750
Itawamba Community College,MS,6500
Jackson State University,MS,23750
Jones County Junior College,MS,5500
Meridian Community College,MS,4686
University of Mississippi,MS,15750
University of Mississippi Medical Center,MS,15750
Mississippi University for Women,MS,14000
Mississippi Valley State University,MS,20969
Mississippi Gulf Coast Community College,MS,6250
Mississippi State University,MS,15500
Northeast Mississippi Community College,MS,5112
Northwest Mississippi Community College,MS,4750
Pearl River Community College,MS,5500
University of Southern Mississippi,MS,16600
Copiah-Lincoln Community College Simpson County Center,MS,4064
Copiah-Lincoln Community College-Natchez Campus,MS,4064
Pearl River Community College-Forrest County Center,MS,5500
Highlands College of Montana Tech,MT,11117
Dawson Community College,MT,5600
Montana State University-Billings,MT,10420
Flathead Valley Community College,MT,8750
Great Falls College Montana State University,MT,8476
Helena College University of Montana,MT,11798
Miles Community College,MT,8045
Montana Tech of the University of Montana,MT,11117
Montana State University,MT,14465
The University of Montana,MT,15259
Montana State University-Northern,MT,10500
The University of Montana-Western,MT,13300
City College Montana State University Billings,MT,10420
The University of Montana - Missoula College,MT,15259
College of the Albemarle,NC,4750
Appalachian State University,NC,15635
Asheville-Buncombe Technical Community College,NC,9000
Beaufort County Community College,NC,8000
Bladen Community College,NC,5131
Blue Ridge Community College,NC,6163
Caldwell Community College and Technical Institute,NC,9500
Cape Fear Community College,NC,7239
Carteret Community College,NC,7000
Catawba Valley Community College,NC,5500
Central Piedmont Community College,NC,5500
Coastal Carolina Community College,NC,4671
Craven Community College,NC,9000
Davidson County Community College,NC,9500
Durham Technical Community College,NC,6500
East Carolina University,NC,18500
Edgecombe Community College,NC,4702
Elizabeth City State University,NC,18137
Fayetteville Technical Community College,NC,6146
Fayetteville State University,NC,17003
Forsyth Technical Community College,NC,8250
Guilford Technical Community College,NC,9500
Halifax Community College,NC,5249
Haywood Community College,NC,5638
Isothermal Community College,NC,6817
James Sprunt Community College,NC,7189
Johnston Community College,NC,9500
Mayland Community College,NC,5500
McDowell Technical Community College,NC,6543
Mercy School of Nursing,NC,11263
Nash Community College,NC,5500
North Carolina A & T State University,NC,19843
University of North Carolina at Asheville,NC,15772
University of North Carolina at Chapel Hill,NC,15000
University of North Carolina at Charlotte,NC,16500
University of North Carolina at Greensboro,NC,16000
North Carolina Central University,NC,21670
University of North Carolina School of the Arts,NC,19500
North Carolina State University at Raleigh,NC,17750
University of North Carolina Wilmington,NC,16500
University of North Carolina at Pembroke,NC,13260
Piedmont Community College,NC,8750
Pitt Community College,NC,7250
Roanoke-Chowan Community College,NC,3775
Robeson Community College,NC,10500
Rowan-Cabarrus Community College,NC,6812
Southeastern Community College,NC,6968
Southwestern Community College,NC,7000
Surry Community College,NC,6125
Tri-County Community College,NC,9500
Vance-Granville Community College,NC,6500
Wake Technical Community College,NC,7000
Wayne Community College,NC,5500
Western Piedmont Community College,NC,7000
Wilkes Community College,NC,6000
Wilson Community College,NC,4350
Winston-Salem State University,NC,20499
Western Carolina University,NC,15000
Carolinas College of Health Sciences,NC,12000
Bismarck State College,ND,8303
Dickinson State University,ND,13000
Lake Region State College,ND,7296
Mayville State University,ND,11571
Minot State University,ND,12878
University of North Dakota,ND,16728
North Dakota State College of Science,ND,10228
Dakota College at Bottineau,ND,6969
North Dakota State University-Main Campus,ND,17000
Williston State College,ND,7560
Valley City State University,ND,12000
Central Community College,NE,5500
Chadron State College,NE,10700
University of Nebraska at Kearney,NE,13496
Metropolitan Community College Area,NE,4421
Mid-Plains Community College,NE,5500
University of Nebraska at Omaha,NE,13631
University of Nebraska Medical Center,NE,15448
University of Nebraska-Lincoln,NE,15799
Northeast Community College,NE,7474
Peru State College,NE,12194
Southeast Community College Area,NE,7705
Nebraska College of Technical Agriculture,NE,15799
Wayne State College,NE,12000
Western Nebraska Community College,NE,5500
University of New Hampshire-Main Campus,NH,23128
Keene State College,NH,20000
University of New Hampshire at Manchester,NH,23128
Plymouth State University,NH,21000
NHTI-Concord's Community College,NH,9500
White Mountains Community College,NH,11000
River Valley Community College,NH,9500
Lakes Region Community College,NH,9500
Manchester Community College,NH,9500
Nashua Community College,NH,7804
Great Bay Community College,NH,7500
Granite State College,NH,9964
Atlantic Cape Community College,NJ,6800
Bergen Community College,NJ,5500
Brookdale Community College,NJ,7426
Burlington County College,NJ,5500
Camden County College,NJ,5500
Adult and Continuing Education-BCTS,NJ,3500
County College of Morris,NJ,5750
Cumberland County College,NJ,9500
Rowan University,NJ,18500
Gloucester County College,NJ,6388
Hudson County Community College,NJ,5275
New Jersey City University,NJ,13250
Kean University,NJ,18750
Mercer County Community College,NJ,5637
Middlesex County College,NJ,6315
Montclair State University,NJ,19000
New Jersey Institute of Technology,NJ,16145
Ocean County College,NJ,7952
Passaic County Community College,NJ,4500
Ramapo College of New Jersey,NJ,19500
Rutgers University-Camden,NJ,19500
Rutgers University-New Brunswick,NJ,19500
Rutgers University-Newark,NJ,19500
Salem Community College,NJ,6781
Raritan Valley Community College,NJ,5275
The Richard Stockton College of New Jersey,NJ,18750
Thomas Edison State College,NJ,9322
The College of New Jersey,NJ,21500
Union County College,NJ,5500
William Paterson University of New Jersey,NJ,18750
Warren County Community College,NJ,5500
Sussex County Community College,NJ,5500
Monmouth County Vocational School District,NJ,3800
Ocean County Vocational-Technical School,NJ,5500
Central New Mexico Community College,NM,6916
New Mexico State University-Dona Ana,NM,11147
Clovis Community College,NM,5500
Eastern New Mexico University-Main Campus,NM,9436
Eastern New Mexico University-Roswell Campus,NM,9436
New Mexico Highlands University,NM,9445
New Mexico Junior College,NM,5500
New Mexico Military Institute,NM,5500
University of New Mexico-Gallup Campus,NM,14164
New Mexico Institute of Mining and Technology,NM,9283
University of New Mexico-Los Alamos Campus,NM,14164
University of New Mexico-Main Campus,NM,14164
New Mexico State University-Alamogordo,NM,11147
New Mexico State University-Carlsbad,NM,11147
New Mexico State University-Grants,NM,11147
New Mexico State University-Main Campus,NM,11147
University of New Mexico-Valencia County Campus,NM,14164
Northern New Mexico College,NM,5350
San Juan College,NM,6634
Santa Fe Community College,NM,9822
University of New Mexico-Taos Campus,NM,14164
Western New Mexico University,NM,9964
Luna Community College,NM,4168
Eastern New Mexico University-Ruidoso Campus,NM,9436
College of Southern Nevada,NV,6620
University of Nevada-Las Vegas,NV,12608
University of Nevada-Reno,NV,12000
Great Basin College,NV,8250
Truckee Meadows Community College,NV,7250
Western Nevada College,NV,9500
Nevada State College,NV,11819
Adirondack Community College,NY,7051
SUNY Broome Community College,NY,6678
Cayuga County Community College,NY,7500
Clinton Community College,NY,6500
Columbia-Greene Community College,NY,6700
Corning Community College,NY,7134
CUNY Bernard M Baruch College,NY,10000
CUNY Borough of Manhattan Community College,NY,5736
CUNY Bronx Community College,NY,7000
CUNY Brooklyn College,NY,9500
College of Staten Island CUNY,NY,9000
CUNY City College,NY,10000
CUNY Graduate School and University Center,NY,8750
CUNY Hostos Community College,NY,5250
CUNY Hunter College,NY,9500
CUNY John Jay College of Criminal Justice,NY,8251
CUNY Kingsborough Community College,NY,5250
CUNY LaGuardia Community College,NY,4500
CUNY Lehman College,NY,7500
CUNY Medgar Evers College,NY,5250
CUNY New York City College of Technology,NY,6713
CUNY Queens College,NY,9054
CUNY Queensborough Community College,NY,5500
CUNY York College,NY,7000
Dutchess Community College,NY,5500
Erie Community College,NY,5500
Fashion Institute of Technology,NY,17500
Finger Lakes Community College,NY,8005
Fulton-Montgomery Community College,NY,8250
Genesee Community College,NY,6500
Herkimer County Community College,NY,8168
Hudson Valley Community College,NY,5676
Jamestown Community College,NY,5906
Jefferson Community College,NY,5249
Southern Westchester BOCES-Practical Nursing Program,NY,9500
Mohawk Valley Community College,NY,7423
Monroe Community College,NY,7611
Nassau Community College,NY,6500
Niagara County Community College,NY,7309
North Country Community College,NY,8000
Onondaga Community College,NY,6125
Orange County Community College,NY,6124
Rockland Community College,NY,6150
Schenectady County Community College,NY,5500
Sullivan County Community College,NY,5500
SUNY College of Technology at Alfred,NY,12000
SUNY College of Technology at Canton,NY,12250
SUNY College of Technology at Delhi,NY,11640
SUNY College of Agriculture and Technology at Cobleskill,NY,11420
Farmingdale State College,NY,11000
Morrisville State College,NY,12000
SUNY at Albany,NY,16750
SUNY at Binghamton,NY,17750
University at Buffalo,NY,15200
Stony Brook University,NY,17000
SUNY College of Environmental Science and Forestry,NY,17124
SUNY Institute of Technology at Utica-Rome,NY,13193
SUNY College at Brockport,NY,17750
Buffalo State SUNY,NY,15895
SUNY College at Cortland,NY,18750
SUNY at Fredonia,NY,19000
SUNY College at Geneseo,NY,18500
State University of New York at New Paltz,NY,17500
SUNY Oneonta,NY,20500
SUNY College at Oswego,NY,18750
SUNY College at Potsdam,NY,19500
SUNY at Purchase College,NY,19750
SUNY College of Optometry,NY,5575
SUNY College at Old Westbury,NY,13821
SUNY College at Plattsburgh,NY,18750
SUNY Downstate Medical Center,NY,14334
SUNY Empire State College,NY,16244
SUNY Maritime College,NY,21980
Upstate Medical University,NY,18000
Tompkins Cortland Community College,NY,8524
Ulster County Community College,NY,5297
United States Merchant Marine Academy,NY,4000
SUNY Westchester Community College,NY,5500
Oswego County BOCES,NY,5500
Suffolk County Community College,NY,5000
Madison Oneida BOCES-Practical Nursing Program,NY,5500
Erie 2 Chautauqua Cattaraugus BOCES-Practical Nursing Program,NY,9500
Rensselaer BOCES-Practical Nursing Program,NY,9500
Schuyler Steuben Chemung Tioga Allegany BOCES,NY,9500
Clinton Essex Warren Washington BOCES-Practical Nursing Program,NY,10491
Jefferson Lewis BOCES-Practical Nursing Program,NY,6000
Veeb Nassau County School of Practical Nursing,NY,7500
Cattaraugus Allegany BOCES-Practical Nursing Program,NY,9604
Orange Ulster BOCES-Practical Nursing Program,NY,11880
Wayne Finger Lakes BOCES-Practical Nursing Program,NY,12125
Broome Delaware Tioga BOCES-Practical Nursing Program,NY,9500
Washington Saratoga Warren Hamilton Essex BOCES-Practical Nursing Program,NY,9500
Albany BOCES-Adult Practical Nursing Program,NY,9500
Ulster County BOCES-Practical Nursing Program,NY,7500
Eastern Suffolk BOCES-Practical Nursing Program,NY,8649
Rockland County BOCES-Practical Nursing Program,NY,5400
Western Suffolk BOCES,NY,8665
Cayuga Onondaga BOCES-Practical Nursing Program,NY,7536
Dutchess BOCES-Practical Nursing Program,NY,7000
Genesee Valley BOCES-Practical Nursing Program,NY,9000
Hamilton Fulton Montgomery BOCES-Practical Nursing Program,NY,7803
Herkimer County BOCES-Practical Nursing Program,NY,9500
Sullivan County BOCES-Practical Nursing Program,NY,9500
Erie 1 BOCES,NY,9500
Onondaga Cortland Madison BOCES,NY,6730
Orleans Niagara BOCES-Practical Nursing Program,NY,7820
Monroe 2 Orleans BOCES-Center for Workforce Development,NY,6000
University of Akron Main Campus,OH,15000
Akron School of Practical Nursing,OH,8000
University of Akron Wayne College,OH,15000
Apollo Career Center,OH,6333
Ashland County-West Holmes Career Center,OH,5899
Ashtabula County Technical and Career Campus,OH,4750
Auburn Career Center,OH,12666
Belmont College,OH,10870
Bowling Green State University-Firelands,OH,17500
Bowling Green State University-Main Campus,OH,17500
Buckeye Hills Career Center,OH,3500
Butler Tech-D Russel Lee Career Center,OH,6396
Canton City Schools Adult Career and Technical Education,OH,6000
Central Ohio Technical College,OH,9500
Central State University,OH,17411
Choffin Career and Technical Center,OH,5500
University of Cincinnati-Main Campus,OH,15000
Cincinnati State Technical and Community College,OH,7464
University of Cincinnati-Clermont College,OH,15000
University of Cincinnati-Blue Ash College,OH,15000
Clark State Community College,OH,8091
Cleveland State University,OH,16500
Columbus State Community College,OH,7820
Cuyahoga Community College District,OH,4820
Edison State Community College,OH,9500
EHOVE Career Center,OH,6496
Great Oaks Institute of Technology and Career Development,OH,7600
Hannah E Mullins School of Practical Nursing,OH,9416
Adult and Community Education-Hudson,OH,12541
Hocking College,OH,11000
Eastern Gateway Community College,OH,4520
Kent State University at Ashtabula,OH,16500
Kent State University at East Liverpool,OH,16500
Kent State University at Stark,OH,16500
Kent State University at Trumbull,OH,16500
Kent State University at Tuscarawas,OH,16500
Kent State University at Salem,OH,16500
Kent State University at Kent,OH,16500
Kent State University at Geauga,OH,16500
Lakeland Community College,OH,7504
O C Collins Career Center,OH,9499
James A Rhodes State College,OH,9834
Lorain County Community College,OH,6500
Marion Technical College,OH,6667
Miami University-Hamilton,OH,16766
Miami University-Middletown,OH,16766
Miami University-Oxford,OH,16766
Miami Valley Career Technology Center,OH,6919
Zane State College,OH,9624
North Central State College,OH,5084
Northwest State Community College,OH,6500
Toledo Public Schools Adult and Continuing Education,OH,9497
Northeast Ohio Medical University,OH,2950
Ohio State University Agricultural Technical Institute,OH,17000
Ohio State University-Lima Campus,OH,17000
Ohio State University-Mansfield Campus,OH,17000
Ohio State University-Marion Campus,OH,17000
Ohio State University-Newark Campus,OH,17000
Ohio State University-Main Campus,OH,17000
Ohio University-Eastern Campus,OH,14457
Ohio University-Chillicothe Campus,OH,14457
Ohio University-Southern Campus,OH,14457
Ohio University-Lancaster Campus,OH,14457
Ohio University-Main Campus,OH,14457
Ohio University-Zanesville Campus,OH,14457
Owens Community College,OH,8474
Cuyahoga Valley Career Center,OH,9500
Shawnee State University,OH,11000
Sinclair Community College,OH,5500
Stark State College,OH,10292
Southern State Community College,OH,7156
Terra State Community College,OH,7364
University of Toledo,OH,14500
Tri-Rivers Career Center,OH,6334
Upper Valley Career Center,OH,8148
Washington State Community College,OH,8758
Wright State University-Main Campus,OH,15000
Wright State University-Lake Campus,OH,15000
Youngstown State University,OH,16500
Portage Lakes Career Center,OH,5628
Greene County Vocational School District,OH,6000
Community Services Division-Alliance City,OH,5575
Knox County Career Center,OH,8618
Madison Adult Career Center,OH,6168
Sandusky Career Center,OH,6754
Mid-EastCTC-Adult Education,OH,5963
Polaris Career Center,OH,6422
Eastland-Fairfield Career and Technical Schools,OH,6500
Mahoning County Career and Technical Center,OH,5500
Ohio Hi Point Joint Vocational School District,OH,8007
Pickaway Ross Joint Vocational School District,OH,6563
Scioto County Career Technical Center,OH,6333
Trumbull Career & Technical Center,OH,7600
Warren County Career Center,OH,6333
Pike County Joint Vocational School District,OH,8000
Lorain County Joint Vocational School District,OH,3630
Career and Technology Education Centers of Licking County,OH,6935
Willoughby-Eastlake School of Practical Nursing,OH,9500
Wayne County Schools Career Center,OH,5500
Cameron University,OK,9471
Carl Albert State College,OK,4263
University of Central Oklahoma,OK,12500
Connors State College,OK,6215
East Central University,OK,12449
Eastern Oklahoma State College,OK,9344
Redlands Community College,OK,5500
Langston University,OK,15000
Murray State College,OK,10075
Northeastern State University,OK,12500
Northern Oklahoma College,OK,6419
Northeastern Oklahoma A&M College,OK,5500
Northwestern Oklahoma State University,OK,7500
University of Oklahoma-Health Sciences Center,OK,15750
Oklahoma Panhandle State University,OK,9375
Oklahoma State University-Main Campus,OK,14750
Oklahoma State University-Oklahoma City,OK,8250
Oklahoma City Community College,OK,5500
University of Oklahoma-Norman Campus,OK,15750
Oklahoma State University Institute of Technology,OK,8168
Rogers State University,OK,8250
Rose State College,OK,5157
University of Science and Arts of Oklahoma,OK,11296
Seminole State College,OK,7000
Southeastern Oklahoma State University,OK,9860
Southwestern Oklahoma State University,OK,10500
Tulsa Community College,OK,6572
Western Oklahoma State College,OK,5633
Francis Tuttle Technology Center,OK,4928
Metro Technology Centers,OK,7500
Mid-America Technology Center,OK,1312
Blue Mountain Community College,OR,9500
Central Oregon Community College,OR,11000
Chemeketa Community College,OR,8833
Clackamas Community College,OR,7500
Clatsop Community College,OR,7710
Eastern Oregon University,OR,14820
Lane Community College,OR,11048
Linn-Benton Community College,OR,7917
Mt Hood Community College,OR,6334
Oregon Health & Science University,OR,12661
Oregon Institute of Technology,OR,18333
Oregon State University,OR,16846
University of Oregon,OR,18309
Portland Community College,OR,9412
Portland State University,OR,18832
Rogue Community College,OR,11017
Southern Oregon University,OR,18166
Southwestern Oregon Community College,OR,8000
Treasure Valley Community College,OR,9500
Umpqua Community College,OR,8624
Western Oregon University,OR,17500
Columbia Gorge Community College,OR,7708
Tillamook Bay Community College,OR,2687
Oregon Coast Community College,OR,7710
Klamath Community College,OR,8745
Oregon State University-Cascades Campus,OR,16846
Community College of Allegheny County,PA,5987
Community College of Beaver County,PA,8750
Bloomsburg University of Pennsylvania,PA,18750
Bucks County Community College,PA,6163
Butler County Community College,PA,5500
California University of Pennsylvania,PA,19168
Cheyney University of Pennsylvania,PA,15000
Clarion University of Pennsylvania,PA,19000
Delaware County Community College,PA,7000
The Dickinson School of Law of the Pennsylvania State University,PA,21500
East Stroudsburg University of Pennsylvania,PA,16750
Edinboro University of Pennsylvania,PA,18750
Harrisburg Area Community College-Harrisburg,PA,9500
Indiana University of Pennsylvania-Main Campus,PA,20500
Kutztown University of Pennsylvania,PA,18750
Lehigh Carbon Community College,PA,5500
Lincoln University of Pennsylvania,PA,24376
Lock Haven University,PA,18162
Luzerne County Community College,PA,5500
Mansfield University of Pennsylvania,PA,19000
Millersville University of Pennsylvania,PA,18500
Montgomery County Community College,PA,5975
Northampton County Area Community College,PA,7196
Pennsylvania State University-Penn State Erie-Behrend College,PA,21500
Pennsylvania State University-Penn State Great Valley,PA,21500
Pennsylvania State University-College of Medicine,PA,21500
Pennsylvania State University-Penn State New Kensington,PA,21500
Pennsylvania State University-Penn State Shenango,PA,21500
Pennsylvania State University-Penn State Wilkes-Barre,PA,21500
Pennsylvania State University-Penn State Worthington Scranton,PA,21500
Pennsylvania State University-Penn State Lehigh Valley,PA,21500
Pennsylvania State University-Penn State Altoona,PA,21500
Pennsylvania State University-Penn State Beaver,PA,21500
Pennsylvania State University-Penn State Berks,PA,21500
Pennsylvania State University-Penn State Harrisburg,PA,21500
Pennsylvania State University-Penn State Brandywine,PA,21500
Pennsylvania State University-Penn State Dubois,PA,21500
Pennsylvania State University-Penn State Fayette- Eberly,PA,21500
Pennsylvania State University-Penn State Hazleton,PA,21500
Pennsylvania State University-Main Campus,PA,21500
Pennsylvania State University-Penn State Greater Allegheny,PA,21500
Pennsylvania State University-Penn State Mont Alto,PA,21500
Pennsylvania State University-Penn State Abington,PA,21500
Pennsylvania State University-Penn State Schuylkill,PA,21500
Pennsylvania State University-Penn State York,PA,21500
Community College of Philadelphia,PA,5500
University of Pittsburgh-Bradford,PA,22000
University of Pittsburgh-Greensburg,PA,22000
University of Pittsburgh-Johnstown,PA,22000
University of Pittsburgh-Pittsburgh Campus,PA,22000
University of Pittsburgh-Titusville,PA,22000
Reading Area Community College,PA,9250
Schuylkill Technology Center,PA,7306
Shippensburg University of Pennsylvania,PA,18000
Slippery Rock University of Pennsylvania,PA,20500
Thaddeus Stevens College of Technology,PA,5500
Temple University,PA,21700
West Chester University of Pennsylvania,PA,19695
Westmoreland County Community College,PA,5500
Career Technology Center of Lackawanna County,PA,10268
Fayette County Career & Technical Institute Practical Nursing Program,PA,8742
Franklin County Career and Technology Center,PA,9500
Greene County Career and Technology Center,PA,14580
Lawrence County Career and Technical Center-Practical Nursing Program,PA,16500
Wilkes-Barre Area Career and Technical Center Practical Nursing,PA,13017
Pennsylvania College of Technology,PA,14000
Mercer County Career Center,PA,16500
Western Area Career and Technology Center,PA,14205
Central Pennsylvania Institute of Science and Technology,PA,6674
Eastern Center for Arts and Technology,PA,9500
Greater Altoona Career & Technology Center,PA,8693
Central Susquehanna Intermediate Unit LPN Career,PA,9500
Pennsylvania Highlands Community College,PA,5052
York County School of Technology-Adult & Continuing Education,PA,6973
Chester County Intermediate Unit,PA,16661
Jefferson County Dubois Area Vocational Technical Practical Nursing Program,PA,9876
Greater Johnstown Career and Technology Center,PA,8455
Mifflin-Juniata Career and Technology Center,PA,12363
Hanover Public School District Practical Nursing Program,PA,6319
Lenape Technical School Practical Nursing Program,PA,10760
Venango County Area Vocational Technical School,PA,14677
Lancaster County Career and Technology Center,PA,9500
Lebanon County Area Vocational Technical School,PA,9500
Indiana County Technology Center,PA,9309
Northern Tier Career Center,PA,14269
Clarion County Career Center Practical Nursing Program,PA,17444
Crawford County Career and Technical Center Practical Nursing Program,PA,9996
Clearfield County Career and Technology Center,PA,9500
Delaware County Technical School-Practical Nursing Program,PA,12500
Susquehanna County Career and Technology Center,PA,8203
Somerset County Technology Center,PA,9500
Pennsylvania State University-World Campus,PA,21500
Bucks County Community College-Upper Bucks Campus,PA,6163
Bucks County Community College-Lower Bucks Campus,PA,6163
Harrisburg Area Community College-Lancaster,PA,9500
Harrisburg Area Community College-Gettysburg,PA,9500
Harrisburg Area Community College-Lebanon,PA,9500
Harrisburg Area Community College-York,PA,9500
Northampton County Area Community College-Monroe,PA,7196
Puerto Rico Conservatory of Music,PR,5500
University of Puerto Rico-Aguadilla,PR,5000
University of Puerto Rico-Arecibo,PR,4500
University of Puerto Rico-Bayamon,PR,4500
University of Puerto Rico-Carolina,PR,4500
University of Puerto Rico-Cayey,PR,4500
University of Puerto Rico-Humacao,PR,4500
University of Puerto Rico-Utuado,PR,3500
University of Puerto Rico-Mayaguez,PR,5500
University of Puerto Rico-Medical Sciences,PR,5500
University of Puerto Rico-Ponce,PR,5250
University of Puerto Rico-Rio Piedras,PR,5500
Rhode Island College,RI,15462
Community College of Rhode Island,RI,4500
University of Rhode Island,RI,19500
Aiken Technical College,SC,5500
Technical College of the Lowcountry,SC,6000
College of Charleston,SC,17000
Citadel Military College of South Carolina,SC,19500
Clemson University,SC,20008
Denmark Technical College,SC,5500
Florence-Darlington Technical College,SC,6999
Francis Marion University,SC,19250
Greenville Technical College,SC,9500
Horry-Georgetown Technical College,SC,9500
Lander University,SC,15250
Medical University of South Carolina,SC,3000
Midlands Technical College,SC,6750
Orangeburg Calhoun Technical College,SC,5365
Piedmont Technical College,SC,7401
University of South Carolina-Aiken,SC,13750
University of South Carolina-Beaufort,SC,11000
University of South Carolina-Columbia,SC,19125
University of South Carolina-Lancaster,SC,19125
University of South Carolina-Salkehatchie,SC,6500
University of South Carolina-Sumter,SC,7818
University of South Carolina-Union,SC,7375
Coastal Carolina University,SC,14750
South Carolina State University,SC,21750
University of South Carolina-Upstate,SC,15750
Spartanburg Community College,SC,3500
Central Carolina Technical College,SC,4875
Tri-County Technical College,SC,5500
Trident Technical College,SC,10309
Winthrop University,SC,19976
York Technical College,SC,6384
Black Hills State University,SD,13575
Dakota State University,SD,12500
Lake Area Technical Institute,SD,12000
Mitchell Technical Institute,SD,10500
Northern State University,SD,12821
South Dakota School of Mines and Technology,SD,14875
South Dakota State University,SD,15269
Southeast Technical Institute,SD,10000
University of South Dakota,SD,15463
Western Dakota Technical Institute,SD,7894
Austin Peay State University,TN,15000
Chattanooga State Community College,TN,8251
Cleveland State Community College,TN,6859
Columbia State Community College,TN,6500
Dyersburg State Community College,TN,3514
East Tennessee State University,TN,14250
Tennessee College of Applied Technology-Harriman,TN,2625
Tennessee College of Applied Technology-Hartsville,TN,1737
Tennessee College of Applied Technology-Memphis,TN,1767
University of Memphis,TN,18938
Middle Tennessee State University,TN,15000
Tennessee College of Applied Technology-Morristown,TN,2625
Motlow State Community College,TN,3500
Nashville State Community College,TN,7988
Roane State Community College,TN,7402
Tennessee College of Applied Technology-Crossville,TN,3500
Tennessee College of Applied Technology-Whiteville,TN,1600
Pellissippi State Community College,TN,6650
The University of Tennessee-Chattanooga,TN,11420
The University of Tennessee-Knoxville,TN,15250
The University of Tennessee-Martin,TN,15134
Tennessee State University,TN,16375
Tennessee Technological University,TN,11000
Northeast State Community College,TN,6015
Volunteer State Community College,TN,3988
Walters State Community College,TN,4760
Alvin Community College,TX,4000
Amarillo College,TX,7510
Angelo State University,TX,11773
Austin Community College District,TX,5250
Texas A & M University Health Science Center,TX,16566
Coastal Bend College,TX,5716
Blinn College,TX,5500
Brazosport College,TX,4500
Brookhaven College,TX,6427
Cedar Valley College,TX,4750
Central Texas College,TX,4750
Cisco College,TX,5900
Clarendon College,TX,6279
North Central Texas College,TX,3750
Texas A & M University-Corpus Christi,TX,13500
Del Mar College,TX,3656
Texas A & M University-Texarkana,TX,10013
Texas A & M University-Commerce,TX,15000
Eastfield College,TX,5500
El Centro College,TX,5500
El Paso Community College,TX,4987
Frank Phillips College,TX,5500
Galveston College,TX,5764
Grayson College,TX,5250
Trinity Valley Community College,TX,6146
Hill College,TX,7509
University of Houston-Clear Lake,TX,16030
Houston Community College,TX,8000
University of Houston-Downtown,TX,13000
University of Houston-Victoria,TX,12000
University of Houston,TX,14878
Howard College,TX,5250
Kilgore College,TX,8000
Lamar University,TX,12500
Lamar State College-Orange,TX,8040
Lamar State College-Port Arthur,TX,5500
Laredo Community College,TX,2334
Texas A & M International University,TX,11250
Lee College,TX,6250
College of the Mainland,TX,4568
McLennan Community College,TX,7639
Midland College,TX,3500
Midwestern State University,TX,14950
Mountain View College,TX,5250
Navarro College,TX,8883
Lone Star College System,TX,7210
North Lake College,TX,5500
University of North Texas,TX,14955
Northeast Texas Community College,TX,7125
Odessa College,TX,6000
The University of Texas-Pan American,TX,9621
The University of Texas at Brownsville,TX,10425
Panola College,TX,5250
Paris Junior College,TX,4750
Prairie View A & M University,TX,17438
Ranger College,TX,5575
Richland College,TX,5500
St Philip's College,TX,9500
Sam Houston State University,TX,16490
San Antonio College,TX,8000
San Jacinto Community College,TX,6000
South Plains College,TX,6500
Southwest Texas Junior College,TX,5500
Stephen F Austin State University,TX,16074
Texas State University,TX,15750
Sul Ross State University,TX,10250
Tarleton State University,TX,13118
Tarrant County College District,TX,4500
Temple College,TX,9500
The University of Texas Health Science Center at San Antonio,TX,15500
The University of Texas Medical Branch,TX,15000
Texas State Technical College-Waco,TX,9080
Texarkana College,TX,5500
Texas A & M University-Kingsville,TX,14695
Texas A & M University-College Station,TX,16566
The University of Texas at Arlington,TX,12834
The University of Texas at Austin,TX,20500
The University of Texas at Dallas,TX,15080
The University of Texas at El Paso,TX,12500
The University of Texas at Tyler,TX,13000
University of North Texas Health Science Center,TX,2668
The University of Texas of the Permian Basin,TX,9015
The University of Texas at San Antonio,TX,16490
Texas Southern University,TX,17311
Texas Tech University,TX,17750
Texas Woman's University,TX,14385
The University of Texas Health Science Center at Houston,TX,16500
Texas State Technical College-Harlingen,TX,4168
Texas State Technical College-West Texas,TX,7000
Texas Tech University Health Sciences Center,TX,12500
Tyler Junior College,TX,7055
Vernon College,TX,6450
Victoria College,TX,8250
Weatherford College,TX,6250
West Texas A & M University,TX,13573
Western Texas College,TX,5500
Wharton County Junior College,TX,5500
Palo Alto College,TX,6482
Collin County Community College District,TX,7000
Southwest Collegiate Institute for the Deaf,TX,5250
Texas State Technical College-Marshall,TX,9500
The University of Texas MD Anderson Cancer Center,TX,12500
Northwest Vista College,TX,5593
Lamar Institute of Technology,TX,5750
Galveston College,TX,5764
San Jacinto College-North Campus,TX,6000
San Jacinto College-South Campus,TX,6000
Texas A&M University-San Antonio,TX,14695
Dixie State University,UT,9500
Snow College,UT,3500
Southern Utah University,UT,8250
Utah State University,UT,8750
Utah Valley University,UT,11000
Salt Lake Community College,UT,5250
University of Utah,UT,12839
Weber State University,UT,9500
Snow College-Richfield Campus,UT,3500
Blue Ridge Community College,VA,6547
College of William and Mary,VA,19500
Central Virginia Community College,VA,3655
Christopher Newport University,VA,19736
Dabney S Lancaster Community College,VA,5500
Danville Community College,VA,3500
George Mason University,VA,17250
Germanna Community College,VA,5500
J Sargeant Reynolds Community College,VA,8000
James Madison University,VA,18500
John Tyler Community College,VA,5500
Longwood University,VA,19000
Lord Fairfax Community College,VA,5357
University of Mary Washington,VA,16672
New River Community College,VA,5500
Norfolk State University,VA,21500
Northern Virginia Community College,VA,7392
Old Dominion University,VA,18000
Piedmont Virginia Community College,VA,5500
Radford University,VA,15000
Richard Bland College of the College of William and Mary,VA,5700
Southwest Virginia Community College,VA,2500
Thomas Nelson Community College,VA,7000
Tidewater Community College,VA,5531
The University of Virginia's College at Wise,VA,12611
Virginia Polytechnic Institute and State University,VA,21500
Virginia Western Community College,VA,8200
Virginia Commonwealth University,VA,19125
University of Virginia-Main Campus,VA,17746
Virginia Military Institute,VA,19710
Virginia State University,VA,17000
Wytheville Community College,VA,4750
Henrico County-Saint Marys Hospital School of Practical Nursing,VA,5750
University of the Virgin Islands,VI,7307
University of the Virgin Islands-Albert A. Sheen,VI,7307
Castleton State College,VT,18625
Community College of Vermont,VT,5500
Johnson State College,VT,18000
Lyndon State College,VT,14200
Vermont Technical College,VT,13000
University of Vermont,VT,18878
Bellevue College,WA,8822
Bellingham Technical College,WA,11000
Big Bend Community College,WA,7585
Central Washington University,WA,15916
Centralia College,WA,1750
Clark College,WA,7633
Clover Park Technical College,WA,10500
Columbia Basin College,WA,7000
Eastern Washington University,WA,15265
Edmonds Community College,WA,8000
Everett Community College,WA,7562
The Evergreen State College,WA,14830
Pierce College at Fort Steilacoom,WA,7978
Grays Harbor College,WA,7802
Green River Community College,WA,6957
Highline Community College,WA,7070
Bates Technical College,WA,4775
Lake Washington Institute of Technology,WA,10176
Lower Columbia College,WA,8518
Seattle Community College-North Campus,WA,3000
Olympic College,WA,7832
Peninsula College,WA,8251
Renton Technical College,WA,6113
Seattle Community College-South Campus,WA,1750
Seattle Central College,WA,3500
Shoreline Community College,WA,6933
Skagit Valley College,WA,8617
South Puget Sound Community College,WA,6161
Spokane Community College,WA,9070
Spokane Falls Community College,WA,7000
Tacoma Community College,WA,9500
Walla Walla Community College,WA,9126
Washington State University,WA,15736
University of Washington-Seattle Campus,WA,14793
Wenatchee Valley College,WA,8982
Western Washington University,WA,15500
Whatcom Community College,WA,7650
Yakima Valley Community College,WA,8018
University of Washington-Bothell Campus,WA,14793
University of Washington-Tacoma Campus,WA,14793
Seattle Vocational Institute,WA,3500
Pierce College at Puyallup,WA,7978
Cascadia Community College,WA,5500
Washington State University-Vancouver,WA,15736
Washington State University-Spokane,WA,15736
Washington State University-Tri Cities,WA,15736
Madison Area Technical College,WI,9250
Blackhawk Technical College,WI,7000
Fox Valley Technical College,WI,6458
Gateway Technical College,WI,7000
Lakeshore Technical College,WI,6500
Mid-State Technical College,WI,6645
Milwaukee Area Technical College,WI,7000
Moraine Park Technical College,WI,6750
Nicolet Area Technical College,WI,5750
Northcentral Technical College,WI,6750
Northeast Wisconsin Technical College,WI,8419
Southwest Wisconsin Technical College,WI,6125
University of Wisconsin Colleges,WI,6349
Chippewa Valley Technical College,WI,9500
Waukesha County Technical College,WI,9500
Western Technical College,WI,8500
University of Wisconsin-Whitewater,WI,18681
Wisconsin Indianhead Technical College,WI,6250
University of Wisconsin-Eau Claire,WI,17823
University of Wisconsin-Green Bay,WI,14549
University of Wisconsin-La Crosse,WI,18428
University of Wisconsin-Oshkosh,WI,16852
University of Wisconsin-Parkside,WI,14054
University of Wisconsin-Stout,WI,18015
University of Wisconsin-Superior,WI,14616
University of Wisconsin-Madison,WI,21000
University of Wisconsin-Milwaukee,WI,17459
University of Wisconsin-Platteville,WI,15750
University of Wisconsin-River Falls,WI,18225
University of Wisconsin-Stevens Point,WI,18700
Bluefield State College,WV,13000
Concord University,WV,11028
Fairmont State University,WV,14210
Glenville State College,WV,13282
Marshall University,WV,14726
West Virginia University at Parkersburg,WV,8173
Potomac State College of West Virginia University,WV,14625
Shepherd University,WV,14000
Southern West Virginia Community and Technical College,WV,4000
West Virginia School of Osteopathic Medicine,WV,2000
West Virginia State University,WV,12916
West Liberty University,WV,15000
West Virginia University Institute of Technology,WV,14625
West Virginia Northern Community College,WV,6281
West Virginia University,WV,14625
Garnet Career Center,WV,800
Eastern West Virginia Community and Technical College,WV,5999
Pierpont Community and Technical College,WV,8338
Mountwest Community and Technical College,WV,4777
Kanawha Valley Community and Technical College,WV,6500
Bridgemont Community and Technical College,WV,5500
Blue Ridge Community and Technical College,WV,9000
New River Community and Technical College,WV,4300
Casper College,WY,7190
Central Wyoming College,WY,6481
Eastern Wyoming College,WY,5500
Laramie County Community College,WY,4808
Northwest College,WY,6482
Sheridan College,WY,5500
Western Wyoming Community College,WY,5126
University of Wyoming,WY,12511